{
  "weather": {
    "dataset": "weather",
    "filepath": "data/processed/weather_monthly.csv",
    "assessment_date": "2025-12-08T14:40:14.776037",
    "summary": {
      "record_count": 894,
      "column_count": 16,
      "numeric_summary": {
        "year": {
          "count": 894.0,
          "mean": 2017.520134228188,
          "std": 2.915214286817633,
          "min": 2013.0,
          "25%": 2015.0,
          "50%": 2018.0,
          "75%": 2020.0,
          "max": 2022.0
        },
        "month": {
          "count": 894.0,
          "mean": 6.329977628635347,
          "std": 3.428628663529619,
          "min": 1.0,
          "25%": 3.0,
          "50%": 6.0,
          "75%": 9.0,
          "max": 12.0
        },
        "TMAX_mean": {
          "count": 894.0,
          "mean": 22.724513549747503,
          "std": 8.989579906588895,
          "min": -4.675,
          "25%": 18.5741935483871,
          "50%": 23.009999999999998,
          "75%": 28.35645161290323,
          "max": 43.73870967741936
        },
        "TMAX_max": {
          "count": 894.0,
          "mean": 30.052125279642055,
          "std": 7.226273371047598,
          "min": 5.0,
          "25%": 26.7,
          "50%": 30.6,
          "75%": 35.0,
          "max": 48.3
        },
        "TMAX_std": {
          "count": 894.0,
          "mean": 3.850214611189506,
          "std": 1.5738922968680027,
          "min": 0.6307221714164982,
          "25%": 2.6716368496526455,
          "50%": 3.66385311737485,
          "75%": 4.846772981835937,
          "max": 10.363072923765444
        },
        "TMIN_mean": {
          "count": 894.0,
          "mean": 13.051700428804708,
          "std": 8.290701374317337,
          "min": -14.521428571428572,
          "25%": 8.26944124423963,
          "50%": 13.851129032258065,
          "75%": 18.884354838709676,
          "max": 31.129032258064516
        },
        "TMIN_min": {
          "count": 894.0,
          "mean": 6.892058165548098,
          "std": 10.312635549374201,
          "min": -30.5,
          "25%": 0.6,
          "50%": 8.05,
          "75%": 15.0,
          "max": 26.1
        },
        "TMIN_std": {
          "count": 893.0,
          "mean": 3.189659682998745,
          "std": 1.5676710951973603,
          "min": 0.5596850112589729,
          "25%": 1.9824546493631572,
          "50%": 2.945658368821213,
          "75%": 4.291007705240899,
          "max": 9.02684884109621
        },
        "PRCP_sum": {
          "count": 894.0,
          "mean": 64.0900447427293,
          "std": 72.56579314851008,
          "min": 0.0,
          "25%": 9.125,
          "50%": 45.15,
          "75%": 97.175,
          "max": 993.3
        },
        "SNOW_sum": {
          "count": 894.0,
          "mean": 26.222595078299776,
          "std": 96.42114779429994,
          "min": 0.0,
          "25%": 0.0,
          "50%": 0.0,
          "75%": 0.0,
          "max": 856.0
        },
        "AWND_mean": {
          "count": 890.0,
          "mean": 3.2870830619307987,
          "std": 0.8912213160179548,
          "min": 1.0833333333333333,
          "25%": 2.681451612903226,
          "50%": 3.2838709677419353,
          "75%": 3.8637096774193544,
          "max": 5.877419354838709
        },
        "TMAX_anomaly_mean": {
          "count": 894.0,
          "mean": -0.0012109427777185564,
          "std": 1.657187180380118,
          "min": -5.827811550151976,
          "25%": -1.044555555555556,
          "50%": -0.09118768328445735,
          "75%": 0.9361051088130882,
          "max": 7.605825734549138
        },
        "TMIN_anomaly_mean": {
          "count": 894.0,
          "mean": -0.00020217657662563958,
          "std": 1.537929693034808,
          "min": -7.38049645390071,
          "25%": -0.8145609318996416,
          "50%": -0.027141070850985202,
          "75%": 0.819583333333335,
          "max": 6.331899641577062
        },
        "PRCP_anomaly_sum": {
          "count": 894.0,
          "mean": 0.0,
          "std": 54.922148444228775,
          "min": -163.89,
          "25%": -23.91166666666666,
          "50%": -4.022222222222223,
          "75%": 13.33722222222222,
          "max": 819.4666666666666
        }
      }
    },
    "completeness": {
      "total_cells": 14304,
      "missing_cells": 5,
      "completeness_percentage": 99.9650447427293,
      "columns_with_missing": {
        "TMIN_std": {
          "count": 1,
          "percentage": 0.11185682326621924
        },
        "AWND_mean": {
          "count": 4,
          "percentage": 0.44742729306487694
        }
      }
    },
    "consistency": {
      "duplicate_rows": 0,
      "columns_with_negatives": {
        "TMAX_mean": 11,
        "TMIN_mean": 73,
        "TMIN_min": 204,
        "TMAX_anomaly_mean": 474,
        "TMIN_anomaly_mean": 456,
        "PRCP_anomaly_sum": 552
      }
    },
    "accuracy": {
      "outliers_by_column": {
        "PRCP_sum": {
          "count": 4,
          "percentage": 0.44742729306487694,
          "range": {
            "min": 0.0,
            "max": 993.3,
            "expected_min": -255.02499999999998,
            "expected_max": 361.325
          }
        },
        "SNOW_sum": {
          "count": 123,
          "percentage": 13.758389261744966,
          "range": {
            "min": 0.0,
            "max": 856.0,
            "expected_min": 0.0,
            "expected_max": 0.0
          }
        },
        "TMAX_anomaly_mean": {
          "count": 1,
          "percentage": 0.11185682326621924,
          "range": {
            "min": -5.827811550151976,
            "max": 7.605825734549138,
            "expected_min": -6.986537548661488,
            "expected_max": 6.87808710191902
          }
        },
        "TMIN_anomaly_mean": {
          "count": 6,
          "percentage": 0.6711409395973155,
          "range": {
            "min": -7.38049645390071,
            "max": 6.331899641577062,
            "expected_min": -5.716993727598572,
            "expected_max": 5.722016129032265
          }
        },
        "PRCP_anomaly_sum": {
          "count": 24,
          "percentage": 2.684563758389262,
          "range": {
            "min": -163.89,
            "max": 819.4666666666666,
            "expected_min": -135.6583333333333,
            "expected_max": 125.08388888888888
          }
        }
      }
    },
    "validity": {
      "constraint_violations": {}
    }
  },
  "retail": {
    "dataset": "retail",
    "filepath": "data/processed/retail_sales.csv",
    "assessment_date": "2025-12-08T14:40:14.786284",
    "summary": {
      "record_count": 1040,
      "column_count": 5,
      "numeric_summary": {
        "year": {
          "count": 1040.0,
          "mean": 2017.5,
          "std": 2.873663224394558,
          "min": 2013.0,
          "25%": 2015.0,
          "50%": 2017.5,
          "75%": 2020.0,
          "max": 2022.0
        },
        "month": {
          "count": 960.0,
          "mean": 6.5,
          "std": 3.4538518794246538,
          "min": 1.0,
          "25%": 3.75,
          "50%": 6.5,
          "75%": 9.25,
          "max": 12.0
        },
        "retail_sales": {
          "count": 1040.0,
          "mean": 112017.38846153846,
          "std": 180126.68774786114,
          "min": 41827.0,
          "25%": 55493.5,
          "50%": 62541.5,
          "75%": 68607.25,
          "max": 900477.0
        }
      }
    },
    "completeness": {
      "total_cells": 5200,
      "missing_cells": 80,
      "completeness_percentage": 98.46153846153847,
      "columns_with_missing": {
        "month": {
          "count": 80,
          "percentage": 7.6923076923076925
        }
      }
    },
    "consistency": {
      "duplicate_rows": 0,
      "columns_with_negatives": {}
    },
    "accuracy": {
      "outliers_by_column": {
        "retail_sales": {
          "count": 80,
          "percentage": 7.6923076923076925,